data,attributes,type,optional
nodes,index,any,True
nodes,zone,zones.index,True
nodes,slack,bool,True
nodes,lat,float,True
nodes,lon,float,True
nodes,name,any,False
nodes,voltage,float,False
zones,index,any,True
plants,index,any,True
plants,node,nodes.index,True
plants,mc_el,float64,True
plants,mc_heat,float64,True
plants,g_max,float64,True
plants,h_max,float64,True
plants,eta,float64,True
plants,technology,technology.technology,True
plants,fuel,fuel.index,True
plants,plant_type,any,True
plants,lat,float64,True
plants,lon,float64,True
plants,heatarea,heatareas.index,False
plants,name,any,False
plants,city,any,False
plants,address,any,False
plants,company,any,False
plants,commissioned,int,False
plants,decommissioned,int,False
plants,status,any,False
plants,storage_capacity,float64,False
plants,d_max,float64,False
technology,index,any,True
technology,technology,any,True
technology,fuel,fuel.index,True
technology,eta,float64,True
technology,plant_type,any,True
technology,variable_om,float64,False
fuel,index,any,True
fuel,co2_content,float64,True
fuel,fuel_price,float64,True
availability,index,any,True
availability,timestep,any,True
availability,plant,plants.index,True
availability,availability,float64,True
lines,index,any,True
lines,node_i,nodes.index,True
lines,node_j,nodes.index,True
lines,x,float64,True
lines,r,float64,True
lines,x_pu,float64,True
lines,r_pu,float64,True
lines,capacity,float64,True
lines,contingency,bool,True
lines,length,float64,False
lines,name_i,any,False
lines,name_j,any,False
lines,type,float64,False
lines,commissioned,int,False
lines,decommissioned,int,False
lines,online,any,False
lines,part of # circuits,int,False
lines,technology,any,False
lines,voltage,float64,False
lines,circuits,int,False
dclines,index,any,True
dclines,node_i,nodes.index,True
dclines,node_j,nodes.index,True
dclines,capacity,float64,True
dclines,length,float64,False
dclines,name_i,any,False
dclines,name_j,any,False
dclines,commissioned,int,False
dclines,decommissioned,int,False
dclines,online,any,False
demand_el,index,any,True
demand_el,timestep,any,True
demand_el,node,nodes.index,True
demand_el,demand_el,float64,True
ntc,index,any,True
ntc,zone_i,zones.index,True
ntc,zone_j,zones.index,True
ntc,ntc,float64,True
inflows,index,any,True
inflows,timestep,any,True
inflows,plant,plants.index,True
inflows,inflow,float64,True
